{
  "hidden_dim": 256,
  "heads": 4,
  "dropout": 0.2,
  "lr": 0.0006611213764022802,
  "weight_decay": 1.4013425871064396e-05,
  "is_loss_weight": 2.6515675615034167,
  "_best_val_loss": 0.8882,
  "_n_trials": 30,
  "_model": "v2-hgnn"
}