{
  "hidden_dim": 256,
  "heads": 2,
  "dropout": 0.4,
  "ec_threshold": 0.25,
  "lr": 0.0012977662008129033,
  "weight_decay": 0.0006119262531583983,
  "is_loss_weight": 0.7245881721023499,
  "_best_val_loss": 0.76,
  "_n_trials": 30,
  "_model": "v3-nli"
}